{"consumo": [28.49083215,
  23.836389269999998,
  24.29981865,
  23.13117066,
  22.72818861,
  25.952045130000002,
  28.49083215,
  195.25314917999998,
  390.29619183,
  378.38504937,
  363.63241836,
  406.03667136,
  464.03385047999996,
  426.89557902,
  331.19081201999995,
  317.63046542999996,
  234.13963329,
  34.69675599,
  31.10014104,
  36.10719324,
  29.44992948,
  27.503526089999998,
  27.71509167,
  38.45792196],
"battery": [[ 6.60131836,  3.49359035, 31.25595856]],
"irradiancia":[],
 "meteodata": [[   7.3 ,    6.6 ,   -1.3 ,   54.07,    0.0 ,    0.0 ,    0.0 ,
            0.0  ,    6.1 ,    5.4 ,  250.0 , 1026.5 ,    0.0 ,   20.0 ,
           10.0  ],
        [   7.0  ,    7.0 ,   -2.1 ,   52.04,    0.0 ,    0.0 ,    0.0 ,
            0.0  ,    7.9 ,    3.6 ,  270.0 , 1026.1 ,    0.0 ,   19.0 ,
           10.0  ],
        [   5.8 ,    4.9 ,   -3.1 ,   52.48,    0.0 ,    0.0 ,    0.0 ,
            0.0  ,    9.0 ,    5.4 ,  270.0 , 1025.8 ,    0.0 ,   20.0 ,
           10.0  ],
        [   4.3 ,    4.3 ,   -2.4 ,   61.34,    0.0 ,    0.0 ,    0.0 ,
            0.0  ,    9.4 ,    3.6 ,  240.0 , 1025.7 ,    0.0 ,   20.0 ,
           10.0  ],
        [   4.0  ,    2.9 ,   -1.3 ,   67.9 ,    0.0 ,    0.0 ,    0.0 ,
            0.0  ,   10.4 ,    5.4 ,  220.0 , 1025.4 ,    0.0 ,   20.0 ,
           10.0  ],
        [   5.6 ,    4.7 ,   -3.1 ,   53.2 ,    0.0 ,    0.0 ,    0.0 ,
            0.0  ,   11.5 ,    5.4 ,  270.0 , 1024.9 ,    0.0 ,   20.0 ,
           10.0  ],
        [   4.4 ,    3.2 ,   -1.6 ,   65.02,    0.0 ,    0.0 ,    0.0 ,
            0.0  ,   11.9 ,    5.4 ,  220.0 , 1024.8 ,    0.0 ,   20.0 ,
           10.0  ],
        [   4.5 ,    3.4 ,   -3.4 ,   56.79,    0.0 ,    0.0 ,    0.0 ,
            0.0  ,   12.2 ,    5.3 ,  252.0 , 1024.8 ,   29.4 ,   19.7 ,
           10.0  ],
        [   5.4 ,    4.4 ,   -3.5 ,   52.43,    0.0 ,    0.0 ,    0.0 ,
            0.0  ,   12.2 ,    5.4 ,  260.0 , 1025.0 ,    0.0 ,   19.6 ,
           10.0  ],
        [   6.0  ,    6.0 ,   -1.6 ,   57.94,    0.0 ,    0.0 ,    0.0 ,
            0.0  ,   12.6 ,    2.0 ,  210.0 , 1025.3 ,    0.0 ,   18.7 ,
           10.0  ],
        [   9.6 ,    8.7 ,   -2.7 ,   41.92,    0.0 ,    0.0 ,    0.0 ,
            0.0  ,   41.4 ,    7.4 ,  232.0 , 1025.6 ,    9.8 ,   20.2 ,
           10.0  ],
        [  14.6 ,   14.6 ,   -2.1 ,   31.42,    0.0 ,    0.0 ,    0.0 ,
            0.0  ,   51.8 ,    7.5 ,  208.0 , 1025.8 ,    0.0 ,   19.6 ,
           10.0  ],
        [  18.1 ,   18.1 ,   -5.3 ,   20.02,    0.0 ,    0.0 ,    0.0 ,
            0.0  ,   46.1 ,    9.2 ,  250.0 , 1025.1 ,    0.0 ,   19.6 ,
           10.0  ],
        [  20.8 ,   20.8 ,   -4.9 ,   17.26,    0.0  ,    0.0 ,    0.0 ,
            0.0  ,   43.6 ,    7.4 ,  242.0  , 1024.1 ,    0.0 ,   20.0 ,
           10.0  ],
        [  22.7 ,   22.7 ,   -8.0  ,   12.18,    0.0  ,    0.0  ,    0.0  ,
            0.0  ,   39.6 ,   20.5 ,  281.0  , 1022.4 ,    0.0  ,   19.6 ,
           10.0  ],
        [  24.1 ,   24.1 ,   -6.8 ,   12.24,    0.0  ,    0.0  ,    0.0  ,
            0.0  ,   42.5 ,   13.1 ,  300.0  , 1020.8 ,    0.0  ,   19.6 ,
           10.0  ],
        [  24.5 ,   24.5 ,  -10.4 ,    9.07,    0.0  ,    0.0  ,    0.0  ,
            0.0  ,   47.9 ,   18.4 ,  300.0  , 1020.1 ,    0.0  ,   20.1 ,
           10.0  ],
        [  24.1 ,   24.1 ,   -9.2 ,   10.14,    0.0  ,    0.0  ,    0.0  ,
            0.0  ,   52.6 ,   16.6 ,  310.0  , 1020.0  ,    0.0  ,   19.6 ,
           10.0  ],
        [  21.8 ,   21.8 ,  -11.0  ,   10.19,    0.0  ,    0.0  ,    0.0  ,
            0.0  ,   62.3 ,   14.8 ,  321.0  , 1020.3 ,    0.0  ,   19.6 ,
           10.0  ],
        [  19.1 ,   19.1 ,   -9.7 ,   13.26,    0.0  ,    0.0  ,    0.0  ,
            0.0  ,   61.6 ,   11.3 ,  309.0  , 1021.0  ,    9.8 ,   20.2 ,
           10.0  ],
        [  17.8 ,   17.8 ,  -10.1 ,   13.93,    0.0  ,    0.0  ,    0.0  ,
            0.0  ,   65.5 ,   12.9 ,  310.0  , 1021.7 ,    0.0  ,   20.0  ,
           10.0  ],
        [  18.3 ,   18.3 ,   -9.6 ,   14.02,    0.0  ,    0.0  ,    0.0  ,
            0.0  ,   64.4 ,   14.8 ,  260.0 , 1021.8 ,    0.0  ,   20.0  ,
           10.0  ],
        [  16.9 ,   16.9 ,   -8.3 ,   17.05,    0.0  ,    0.0  ,    0.0  ,
            0.0  ,   51.1 ,    7.6 ,  280.0  , 1022.5 ,    0.0  ,   20.0  ,
           10.0  ],
        [  17.0  ,   17.0  ,   -7.4 ,   18.05,    0.0  ,    0.0  ,    0.0  ,
            0.0  ,   51.5 ,   11.2 ,  290.0  , 1022.9 ,    0.0  ,   20.0 ,
           10.0  ]]}